Speaker,Title
和田宗春,平成23年_第２回定例会(第７号)
白石弥生子,平成23年_第２回定例会(第７号)
鈴木省五,平成23年_第２回定例会(第７号)
小宮あんり,平成23年_第２回定例会(第７号)
石原慎太郎,平成23年_第２回定例会(第７号)
伊藤まさき,平成23年_第２回定例会(第７号)
山下太郎,平成23年_第２回定例会(第８号)
大原正行,平成23年_第２回定例会(第８号)
河島均,平成23年_第２回定例会(第８号)
比留間英人,平成23年_第２回定例会(第８号)
新井雄治,平成23年_第２回定例会(第８号)
村尾公一,平成23年_第２回定例会(第８号)
中井敬三,平成23年_第２回定例会(第８号)
大野輝之,平成23年_第２回定例会(第８号)
安藤立美,平成23年_第２回定例会(第８号)
前田信弘,平成23年_第２回定例会(第８号)
杉村栄一,平成23年_第２回定例会(第８号)
岡田至,平成23年_第２回定例会(第８号)
鈴木貫太郎,平成23年_第２回定例会(第８号)
村上英子,平成23年_第２回定例会(第８号)
秋山俊行,平成23年_第２回定例会(第８号)
並木一夫,平成23年_第２回定例会(第８号)
尾崎勝,平成23年_第２回定例会(第８号)
金子正一郎,平成23年_第２回定例会(第８号)
松田二郎,平成23年_第２回定例会(第８号)
川澄俊文,平成23年_第２回定例会(第８号)
谷村孝彦,平成23年_第２回定例会(第８号)
池田克彦,平成23年_第２回定例会(第８号)
笠井謙一,平成23年_第２回定例会(第８号)
かち佳代子,平成23年_第２回定例会(第８号)
中村ひろし,平成23年_第２回定例会(第９号)
鈴木あきまさ,平成23年_第２回定例会(第９号)
柳ヶ瀬裕文,平成23年_第２回定例会(第９号)
橘正剛,平成23年_第２回定例会(第９号)
きたしろ勝彦,平成23年_第２回定例会(第９号)
西沢けいた,平成23年_第２回定例会(第９号)
神林茂,平成23年_第２回定例会(第９号)
中谷祐二,平成23年_第２回定例会(第９号)
荒川満,平成23年_第２回定例会(第９号)
高倉良生,平成23年_第２回定例会(第９号)
関口太一,平成23年_第２回定例会(第９号)
山崎一輝,平成23年_第２回定例会(第９号)
大西さとる,平成23年_第２回定例会(第９号)
西崎光子,平成23年_第２回定例会(第９号)
佐藤広,平成23年_第２回定例会(第９号)
猪瀬直樹,平成23年_第２回定例会(第10号)
菅東一,平成23年_第２回定例会(第10号)
新井ともはる,平成23年_第２回定例会(第10号)
伊藤興一,平成23年_第２回定例会(第10号)
星ひろ子,平成23年_第２回定例会(第10号)
大島よしえ,平成23年_第２回定例会(第10号)
野上純子,平成23年_第３回定例会(第11号)
樋口建史,平成23年_第３回定例会(第11号)
西岡真一郎,平成23年_第３回定例会(第11号)
増子博樹,平成23年_第３回定例会(第12号)
増子敦,平成23年_第３回定例会(第12号)
飯尾豊,平成23年_第３回定例会(第12号)
中西充,平成23年_第３回定例会(第12号)
細井優,平成23年_第３回定例会(第12号)
野澤美博,平成23年_第３回定例会(第12号)
小磯善彦,平成23年_第３回定例会(第12号)
北村吉男,平成23年_第３回定例会(第12号)
大山とも子,平成23年_第３回定例会(第12号)
松下玲子,平成23年_第３回定例会(第13号)
林田武,平成23年_第３回定例会(第13号)
斉藤あつし,平成23年_第３回定例会(第13号)
吉倉正美,平成23年_第３回定例会(第13号)
早坂義弘,平成23年_第３回定例会(第13号)
淺野克彦,平成23年_第３回定例会(第13号)
神野吉弘,平成23年_第３回定例会(第13号)
斉藤やすひろ,平成23年_第３回定例会(第13号)
樋口眞人,平成23年_第３回定例会(第13号)
たきぐち学,平成23年_第３回定例会(第13号)
山内れい子,平成23年_第３回定例会(第13号)
福士敬子,平成23年_第３回定例会(第13号)
三橋昇,平成23年_第３回定例会(第15号)
ともとし春久,平成23年_第３回定例会(第15号)
鈴木隆道,平成23年_第３回定例会(第15号)
吉田康一郎,平成23年_第３回定例会(第15号)
たぞえ民夫,平成23年_第３回定例会(第15号)
畔上三和子,平成23年_第３回定例会(第15号)
鈴木勝博,平成23年_第３回定例会(第15号)
三宅正彦,平成23年_第３回定例会(第15号)
松葉多美子,平成23年_第３回定例会(第15号)
遠藤衛,平成23年_第４回定例会(第16号)
門脇ふみよし,平成23年_第４回定例会(第16号)
吉野利明,平成23年_第４回定例会(第16号)
酒井大史,平成23年_第４回定例会(第17号)
新田洋平,平成23年_第４回定例会(第17号)
井澤勇治,平成23年_第４回定例会(第17号)
吉原修,平成23年_第４回定例会(第17号)
東村邦浩,平成23年_第４回定例会(第17号)
清水ひで子,平成23年_第４回定例会(第17号)
興津秀憲,平成23年_第４回定例会(第18号)
宇田川聡史,平成23年_第４回定例会(第18号)
しのづか元,平成23年_第４回定例会(第18号)
遠藤守,平成23年_第４回定例会(第18号)
小山くにひこ,平成23年_第４回定例会(第18号)
野田かずさ,平成23年_第４回定例会(第18号)
小林健二,平成23年_第４回定例会(第18号)
佐藤由美,平成23年_第４回定例会(第18号)
山口拓,平成23年_第４回定例会(第18号)
佐藤広典,平成23年_第４回定例会(第19号)
桜井浩之,平成23年_第４回定例会(第19号)
こいそ明,平成23年_第４回定例会(第19号)
吉住健一,平成23年_第４回定例会(第19号)
中村明彦,平成23年_第４回定例会(第19号)
石毛しげる,平成24年第１回定例会(第１号)
松本正一郎,平成24年第１回定例会(第１号)
宮崎章,平成24年第１回定例会(第２号)
中嶋義雄,平成24年第１回定例会(第２号)
吉田信夫,平成24年第１回定例会(第２号)
くりした善行,平成24年第１回定例会(第３号)
高木けい,平成24年第１回定例会(第３号)
中屋文孝,平成24年第１回定例会(第３号)
今村るか,平成24年第１回定例会(第３号)
中山信行,平成24年第１回定例会(第３号)
岡田眞理子,平成24年第１回定例会(第３号)
野島善司,平成24年第１回定例会(第３号)
大津浩子,平成24年第１回定例会(第３号)
鈴木章浩,平成24年第１回定例会(第４号)
田中健,平成24年第１回定例会(第４号)
泉谷つよし,平成24年第１回定例会(第４号)
古賀俊昭,平成24年第１回定例会(第４号)
山下ようこ,平成24年第１回定例会(第５号)
大塚たかあき,平成24年第１回定例会(第６号)
田中たけし,平成24年第１回定例会(第６号)
小沢昌也,平成24年第１回定例会(第６号)
別宮浩志,平成24年第１回臨時会(第15号)
長橋桂一,平成24年第２回定例会(第８号)
室城信之,平成24年第２回定例会(第８号)
野上ゆきえ,平成24年第２回定例会(第９号)
影山竹夫,平成24年第２回定例会(第９号)
高橋信博,平成24年第２回定例会(第９号)
くまき美奈子,平成24年第２回定例会(第９号)
大松あきら,平成24年第２回定例会(第９号)
細野友希,平成24年第２回定例会(第９号)
土屋たかゆき,平成24年第２回定例会(第９号)
加藤雅之,平成24年第２回定例会(第10号)
吉川和夫,平成24年第２回定例会(第10号)
村山寛司,平成24年第２回定例会(第10号)
原田大,平成24年第３回定例会(第11号)
塚本直之,平成24年第３回定例会(第12号)
小川健一,平成24年第３回定例会(第12号)
多羅尾光睦,平成24年第３回定例会(第12号)
塚田祐次,平成24年第３回定例会(第12号)
小林清,平成24年第３回定例会(第12号)
中村靖,平成24年第３回定例会(第12号)
滝沢景一,平成24年第３回定例会(第13号)
松田芳和,平成24年第３回定例会(第13号)
島田幸成,平成24年第３回定例会(第13号)
いのつめまさみ,平成24年第３回定例会(第13号)
馬場裕子,平成24年第３回定例会(第13号)
尾崎大介,平成24年第４回定例会(第16号)
田の上いくこ,平成24年第４回定例会(第16号)
伊藤ゆう,平成24年第４回定例会(第16号)
伊藤こういち,平成24年第４回定例会(第17号)
高橋かずみ,平成24年第４回定例会(第17号)
大場やすのぶ,平成25年第１回定例会(第１号)
和泉武彦,平成25年第１回定例会(第１号)
近藤充,平成25年第１回定例会(第１号)
西村泰彦,平成25年第１回定例会(第１号)
笹本ひさし,平成25年第１回定例会(第３号)
栗林のり子,平成25年第１回定例会(第３号)
上野和彦,平成25年第１回定例会(第６号)
産形稔,平成25年第１回臨時会(第10号)
野村有信,平成25年第１回臨時会(第10号)
藤井一,平成25年第１回臨時会(第10号)
山田忠昭,平成25年第２回定例会(第８号)
川井しげお,平成25年第３回定例会(第11号)
藤井寛行,平成25年第３回定例会(第12号)
横溝良一,平成25年第３回定例会(第12号)
松浦將行,平成25年第３回定例会(第12号)
吉田永,平成25年第３回定例会(第12号)
長谷川明,平成25年第３回定例会(第12号)
曽根はじめ,平成25年第３回定例会(第12号)
立石晴康,平成25年第３回定例会(第13号)
醍醐勇司,平成25年第３回定例会(第13号)
尾崎あや子,平成25年第３回定例会(第13号)
河合潔,平成25年第３回定例会(第13号)
北久保眞道,平成25年第３回定例会(第13号)
柴崎幹男,平成25年第３回定例会(第13号)
栗山欽行,平成25年第３回定例会(第13号)
大江秀敏,平成25年第３回定例会(第13号)
中山ひろゆき,平成25年第３回定例会(第13号)
河野ゆうき,平成25年第３回定例会(第13号)
両角みのる,平成25年第３回定例会(第13号)
田中朝子,平成25年第３回定例会(第13号)
小松久子,平成25年第３回定例会(第13号)
やながせ裕文,平成25年第３回定例会(第13号)
里吉ゆみ,平成25年第３回定例会(第14号)
上田令子,平成25年第３回定例会(第14号)
みやせ英治,平成25年第３回定例会(第14号)
石川良一,平成25年第３回定例会(第14号)
河野ゆりえ,平成25年第４回定例会(第16号)
崎山知尚,平成25年第４回定例会(第17号)
白石たみお,平成25年第４回定例会(第17号)
高椙健一,平成25年第４回定例会(第17号)
島崎義司,平成25年第４回定例会(第17号)
山内晃,平成25年第４回定例会(第17号)
川松真一朗,平成25年第４回定例会(第17号)
松村友昭,平成25年第４回定例会(第18号)
おときた駿,平成25年第４回定例会(第18号)
あさの克彦,平成25年第４回定例会(第18号)
相川博,平成25年第４回定例会(第18号)
木内良明,平成25年第４回定例会(第18号)
高島なおき,平成25年第４回定例会(第18号)
高綱直良,平成26年第１回定例会(第１号)
舛添要一,平成26年第１回定例会(第１号)
中嶋正宏,平成26年第１回定例会(第２号)
植木こうじ,平成26年第１回定例会(第２号)
清水孝治,平成26年第１回定例会(第３号)
和泉なおみ,平成26年第１回定例会(第３号)
かんの弘一,平成26年第１回定例会(第３号)
木村基成,平成26年第１回定例会(第３号)
神野次郎,平成26年第１回定例会(第４号)
ほっち易隆,平成26年第１回定例会(第４号)
栗山よしじ,平成26年第１回定例会(第４号)
松田やすまさ,平成26年第１回定例会(第４号)
大津ひろ子,平成26年第１回定例会(第４号)
鈴木錦治,平成26年第１回定例会(第５号)
塩村あやか,平成26年第１回定例会(第６号)
まつば多美子,平成26年第２回定例会(第９号)
堀宏道,平成26年第２回定例会(第９号)
徳留道信,平成26年第２回定例会(第９号)
舟坂ちかお,平成26年第２回定例会(第９号)
小松大祐,平成26年第２回定例会(第９号)
新美大作,平成26年第３回定例会(第11号)
安井順一,平成26年第３回定例会(第12号)
梶原洋,平成26年第３回定例会(第12号)
山本隆,平成26年第３回定例会(第12号)
米倉春奈,平成26年第３回定例会(第13号)
遠藤雅彦,平成26年第３回定例会(第13号)
岸本良一,平成26年第４回定例会(第16号)
山加朱美,平成26年第４回定例会(第17号)
菅野弘一,平成26年第４回定例会(第17号)
宮瀬英治,平成26年第４回定例会(第17号)
佐久間清光,平成27年第１回定例会(第１号)
秋田一郎,平成27年第１回定例会(第３号)
